EmployeeID,Department,JobRole,Age,YearsAtCompany,MonthlyIncome,OverTime,JobSatisfaction,PerformanceRating,TrainingHours,AbsenceDays,Attrition
EMP30000,HR,Executive,27,5,4417.48,No,4,1,11,7,No
EMP30001,Operations,Manager,43,7,7129.68,Yes,5,2,7,15,No
EMP30002,Sales,Developer,25,15,7019.48,No,3,4,36,5,No
EMP30003,IT,Developer,59,12,4747.76,No,1,4,59,8,No
EMP30004,Operations,Developer,47,0,5461.17,Yes,4,3,31,1,No
EMP30005,IT,Executive,39,4,4706.1,No,1,4,46,5,No
EMP30006,HR,Analyst,40,0,6235.25,Yes,5,4,7,1,No
EMP30007,Sales,Developer,45,3,5124.96,No,2,1,17,9,No
EMP30008,Finance,Developer,25,12,4790.45,Yes,4,2,43,6,No
EMP30009,HR,Analyst,40,13,5485.94,No,1,2,27,20,No
EMP30010,Marketing,Specialist,48,7,3043.34,Yes,3,3,6,12,No
EMP30011,HR,Specialist,31,11,5302.89,No,4,4,17,7,No
EMP30012,Operations,Developer,39,5,6391.08,Yes,4,4,49,11,No
EMP30013,Marketing,Developer,33,7,5623.75,No,1,1,43,20,No
EMP30014,Marketing,Specialist,27,13,6844.15,No,1,3,50,3,Yes
EMP30015,Operations,Developer,59,4,4850.72,No,5,1,24,5,No
EMP30016,Finance,Manager,44,5,4727.73,No,3,2,57,11,No
EMP30017,HR,Analyst,36,2,3740.69,Yes,5,2,56,2,No
EMP30018,Sales,Analyst,34,3,4808.05,No,1,3,25,10,No
EMP30019,Sales,Specialist,47,0,8365.51,No,3,4,16,3,No
EMP30020,HR,Analyst,25,13,5829.98,No,3,4,58,18,No
EMP30021,Finance,Developer,43,13,4538.36,No,5,2,24,16,No
EMP30022,Sales,Manager,29,6,3907.45,No,4,3,32,1,No
EMP30023,Marketing,Analyst,55,9,3018.87,Yes,4,1,57,11,No
EMP30024,Marketing,Manager,51,3,4171.08,No,2,1,20,4,No
EMP30025,Sales,Executive,50,0,6555.46,Yes,5,4,54,12,No
EMP30026,Sales,Developer,26,8,4776.12,No,2,4,14,11,No
EMP30027,Marketing,Executive,24,2,3979.41,Yes,2,4,21,20,No
EMP30028,IT,Executive,38,13,4144.39,No,4,2,26,3,No
EMP30029,IT,Analyst,34,4,6390.89,No,5,3,32,10,No
EMP30030,IT,Manager,49,11,5294.77,No,5,1,18,20,No
EMP30031,Operations,Analyst,48,4,4475.86,No,1,3,54,2,No
EMP30032,Sales,Specialist,36,2,4954.08,No,5,2,42,5,No
EMP30033,IT,Specialist,27,8,8725.49,No,2,4,42,15,No
EMP30034,HR,Analyst,33,2,7246.1,No,2,2,45,2,No
EMP30035,Finance,Specialist,40,6,7619.6,No,5,3,40,4,No
EMP30036,Marketing,Executive,30,4,2788.51,Yes,5,3,41,20,No
EMP30037,IT,Executive,33,14,5190.01,No,2,4,41,12,No
EMP30038,IT,Analyst,30,8,4449.48,No,1,1,45,1,No
EMP30039,Finance,Specialist,23,11,6232.43,No,2,2,56,17,No
EMP30040,HR,Manager,44,9,7006.38,Yes,3,2,16,10,No
EMP30041,Finance,Developer,59,14,5906.31,No,1,1,33,10,No
EMP30042,IT,Developer,58,7,4107.96,No,2,4,15,20,No
EMP30043,Finance,Manager,57,13,4425.15,No,1,4,15,6,No
EMP30044,Marketing,Specialist,46,14,6347.52,No,5,1,58,7,No
EMP30045,Operations,Specialist,50,14,6496.78,Yes,2,3,31,12,No
EMP30046,Operations,Manager,23,11,5628.1,No,2,4,44,5,No
EMP30047,Sales,Developer,28,15,5611.35,No,3,2,45,2,No
EMP30048,Marketing,Developer,48,11,5491.85,No,1,3,6,2,No
EMP30049,Operations,Manager,59,4,5820.31,No,3,3,32,6,No
EMP30050,Finance,Executive,56,2,6490.61,Yes,5,1,15,1,No
EMP30051,Sales,Analyst,45,3,6361.92,No,5,4,22,10,No
EMP30052,Finance,Specialist,25,9,5452.04,Yes,2,4,15,20,No
EMP30053,Operations,Analyst,58,2,5343.09,No,1,2,42,5,No
EMP30054,Finance,Developer,33,3,5285.72,No,4,2,12,0,No
EMP30055,Sales,Specialist,22,10,4246.17,Yes,5,4,30,0,No
EMP30056,Sales,Developer,50,5,4227.12,No,5,4,22,3,No
EMP30057,HR,Analyst,27,10,6232.6,No,3,1,58,12,No
EMP30058,Operations,Specialist,32,15,4347.36,No,3,2,49,9,No
EMP30059,HR,Executive,47,1,6637.57,Yes,4,3,24,8,No
EMP30060,Operations,Developer,58,10,5339.65,No,4,1,21,15,No
EMP30061,Marketing,Analyst,56,13,6646.06,No,4,4,45,8,No
EMP30062,Marketing,Developer,27,2,6372.1,No,2,1,40,12,No
EMP30063,Finance,Manager,27,12,6681.06,No,5,4,36,20,No
EMP30064,Operations,Manager,52,8,4702.12,No,1,1,9,3,Yes
EMP30065,Sales,Analyst,33,10,6030.02,No,1,4,9,2,No
EMP30066,Sales,Manager,24,0,6523.5,Yes,4,1,40,4,No
EMP30067,Operations,Specialist,43,6,3089.68,Yes,3,3,31,3,No
EMP30068,Operations,Specialist,46,5,7969.21,No,3,2,51,17,No
EMP30069,IT,Manager,59,2,8815.6,No,5,2,6,18,Yes
EMP30070,Finance,Specialist,39,12,6837.6,No,5,1,15,11,No
EMP30071,IT,Specialist,52,8,6625.49,Yes,4,3,49,2,No
EMP30072,Sales,Developer,41,14,6299.8,Yes,1,3,59,17,No
EMP30073,HR,Manager,57,2,4931.52,No,1,2,46,19,No
EMP30074,HR,Executive,40,11,5251.41,No,1,2,5,8,No
EMP30075,Operations,Manager,47,9,6863.27,No,4,3,7,14,No
EMP30076,Marketing,Analyst,58,10,3956.84,No,4,3,54,12,No
EMP30077,Marketing,Executive,55,4,3825.59,Yes,4,3,32,11,Yes
EMP30078,Sales,Specialist,36,11,4820.67,No,1,1,32,7,No
EMP30079,Marketing,Analyst,40,3,6401.05,No,2,3,58,5,No
EMP30080,Finance,Developer,44,12,4117.76,No,2,2,18,5,No
EMP30081,IT,Specialist,25,7,5078.54,Yes,4,2,20,7,No
EMP30082,Finance,Manager,30,7,5256.65,No,1,2,43,15,No
EMP30083,Sales,Developer,48,9,3898.86,No,5,2,55,17,No
EMP30084,HR,Developer,23,1,2333.33,No,1,1,25,2,Yes
EMP30085,Operations,Manager,44,5,3876.9,No,3,2,13,1,No
EMP30086,Marketing,Specialist,39,3,5808.0,Yes,5,3,8,10,No
EMP30087,IT,Specialist,39,15,6145.88,No,1,1,5,16,No
EMP30088,IT,Analyst,53,6,6158.21,No,4,4,25,11,No
EMP30089,Finance,Specialist,31,0,6331.03,No,3,2,34,17,No
EMP30090,Sales,Executive,51,0,4477.07,No,5,3,32,14,No
EMP30091,Marketing,Executive,51,14,4155.75,No,3,1,18,14,No
EMP30092,IT,Manager,59,2,5979.25,No,5,1,42,11,No
EMP30093,IT,Developer,52,0,5099.04,Yes,3,4,54,1,No
EMP30094,IT,Manager,40,3,6777.28,Yes,1,4,18,3,No
EMP30095,HR,Developer,35,3,5988.73,Yes,4,1,42,15,No
EMP30096,Operations,Analyst,51,1,7342.4,No,5,4,35,6,No
EMP30097,Marketing,Specialist,57,15,4718.36,Yes,3,4,43,15,No
EMP30098,Operations,Specialist,31,0,7017.97,No,5,1,5,7,No
EMP30099,Finance,Executive,35,11,8468.68,No,5,1,42,0,No
EMP30100,IT,Manager,40,13,5497.28,No,4,1,46,14,No
EMP30101,Marketing,Analyst,25,10,6165.63,No,4,4,43,18,Yes
EMP30102,Marketing,Developer,33,2,4020.87,Yes,3,4,52,9,No
EMP30103,Finance,Manager,27,11,6757.75,No,5,3,46,2,No
EMP30104,Operations,Analyst,51,5,7110.25,No,2,2,60,8,No
EMP30105,IT,Analyst,40,6,4674.99,No,3,4,42,20,No
EMP30106,HR,Analyst,44,4,6295.91,No,1,4,29,6,No
EMP30107,Operations,Executive,24,12,5837.38,No,1,4,51,1,No
EMP30108,HR,Executive,43,9,6002.84,No,3,2,43,16,No
EMP30109,Operations,Developer,49,2,6634.7,Yes,4,3,36,4,Yes
EMP30110,Marketing,Specialist,47,6,6195.02,No,1,3,37,0,No
EMP30111,Marketing,Manager,52,12,5208.18,No,1,1,24,14,No
EMP30112,IT,Specialist,25,15,6666.61,Yes,1,3,39,7,No
EMP30113,HR,Executive,42,15,7084.45,Yes,3,3,31,2,No
EMP30114,HR,Specialist,39,2,4585.38,No,2,3,12,1,No
EMP30115,Finance,Manager,55,13,5413.97,No,1,2,29,3,Yes
EMP30116,Operations,Developer,47,9,2763.63,Yes,4,3,58,3,Yes
EMP30117,IT,Executive,58,11,6292.06,No,3,4,23,0,No
EMP30118,IT,Developer,21,6,7251.34,No,1,3,42,7,No
EMP30119,IT,Analyst,38,10,5030.72,No,4,4,28,17,No
EMP30120,Operations,Specialist,48,4,5616.82,No,5,4,20,8,Yes
EMP30121,Marketing,Developer,24,8,5086.37,No,3,2,26,0,No
EMP30122,Sales,Specialist,46,3,4840.82,Yes,5,3,58,18,No
EMP30123,Marketing,Specialist,30,6,5764.92,No,3,3,11,13,No
EMP30124,Sales,Developer,23,6,4240.3,Yes,1,4,42,20,No
EMP30125,Finance,Analyst,46,13,5063.75,No,1,2,51,12,No
EMP30126,Sales,Analyst,37,10,4059.84,No,1,1,15,10,No
EMP30127,Marketing,Specialist,36,10,6300.28,No,2,3,47,10,No
EMP30128,Operations,Developer,33,4,5775.52,No,2,3,40,0,No
EMP30129,HR,Specialist,47,6,4769.81,No,3,3,23,7,No
EMP30130,Operations,Developer,45,7,5472.28,No,3,3,14,9,No
EMP30131,Marketing,Developer,47,12,5085.58,Yes,5,3,57,6,No
EMP30132,IT,Executive,51,2,7132.51,No,1,1,16,17,No
EMP30133,Finance,Specialist,44,0,4755.15,No,5,4,58,20,No
EMP30134,IT,Analyst,23,8,6369.23,No,2,2,41,10,No
EMP30135,Operations,Analyst,27,13,4358.86,No,5,1,52,16,No
EMP30136,Finance,Executive,59,11,6638.02,No,1,4,21,4,No
EMP30137,Operations,Executive,32,12,6972.63,No,1,4,6,19,No
EMP30138,Finance,Analyst,37,6,7043.43,No,1,3,41,14,No
EMP30139,Finance,Specialist,35,3,7623.19,Yes,2,3,25,15,No
EMP30140,Sales,Specialist,59,10,5855.33,No,5,1,35,12,No
EMP30141,Marketing,Manager,53,0,7273.59,No,3,2,30,17,No
EMP30142,IT,Analyst,39,14,7852.94,No,1,1,23,11,No
EMP30143,HR,Analyst,47,11,3733.59,No,4,2,45,20,No
EMP30144,Finance,Specialist,42,8,4511.81,No,3,2,33,13,No
EMP30145,Marketing,Executive,46,3,3173.12,No,4,1,40,9,No
EMP30146,Finance,Executive,58,4,7008.38,No,4,3,42,4,No
EMP30147,IT,Executive,47,15,3153.87,No,4,3,42,19,No
EMP30148,IT,Specialist,25,0,2746.9,No,1,2,23,1,No
EMP30149,IT,Executive,40,0,3770.58,No,3,4,47,0,No
EMP30150,Finance,Specialist,52,5,2809.2,No,4,2,17,0,No
EMP30151,Operations,Executive,22,3,5824.9,Yes,3,1,58,2,No
EMP30152,Operations,Manager,34,10,3789.85,No,5,4,50,5,No
EMP30153,Operations,Specialist,28,0,2881.24,Yes,5,1,35,10,No
EMP30154,Operations,Executive,49,12,5353.86,No,5,1,15,5,No
EMP30155,Marketing,Analyst,26,12,5442.33,Yes,2,2,55,9,No
EMP30156,Marketing,Developer,45,3,2611.99,No,3,3,36,9,No
EMP30157,IT,Specialist,23,9,4346.11,No,5,2,50,9,No
EMP30158,IT,Specialist,57,10,5304.71,No,2,4,6,1,Yes
EMP30159,Sales,Executive,33,13,4881.43,No,4,2,23,11,No
EMP30160,IT,Developer,36,11,4922.44,Yes,2,4,21,6,No
EMP30161,Finance,Analyst,51,15,7185.6,Yes,1,3,50,11,No
EMP30162,Finance,Manager,35,1,8636.48,Yes,2,1,31,1,No
EMP30163,Marketing,Specialist,25,9,4946.72,No,5,2,11,18,No
EMP30164,Finance,Specialist,56,12,3433.84,No,5,1,39,15,No
EMP30165,Marketing,Executive,25,3,5064.79,No,5,4,13,7,No
EMP30166,Finance,Manager,40,3,5708.11,No,2,3,30,7,No
EMP30167,Marketing,Analyst,25,1,5336.75,Yes,4,2,60,6,No
EMP30168,Operations,Developer,48,15,6332.7,No,2,3,29,20,No
EMP30169,HR,Specialist,31,13,8734.53,No,1,3,29,14,No
EMP30170,Marketing,Analyst,57,1,2846.99,No,2,3,7,9,No
EMP30171,Marketing,Executive,28,3,4656.05,Yes,1,2,30,13,No
EMP30172,IT,Executive,47,7,7728.38,No,4,2,58,1,No
EMP30173,IT,Executive,21,14,4633.6,No,4,2,58,17,No
EMP30174,Sales,Analyst,25,13,6600.91,Yes,1,4,58,12,No
EMP30175,Marketing,Specialist,31,14,6363.02,No,1,2,25,6,Yes
EMP30176,HR,Analyst,55,13,7271.99,No,3,2,8,14,No
EMP30177,Finance,Manager,59,10,8286.68,No,1,3,18,0,No
EMP30178,IT,Developer,44,4,5916.28,No,5,3,16,10,No
EMP30179,HR,Developer,34,9,2797.92,No,3,4,9,19,No
EMP30180,HR,Analyst,33,7,4366.06,No,3,1,44,15,No
EMP30181,Finance,Executive,29,15,8695.75,No,1,1,34,0,No
EMP30182,IT,Executive,34,7,3295.37,No,4,2,45,12,No
EMP30183,Operations,Analyst,40,12,6161.88,No,4,3,16,14,No
EMP30184,HR,Executive,47,2,2333.33,No,4,4,43,11,No
EMP30185,IT,Manager,29,10,3389.83,No,3,3,8,6,No
EMP30186,Sales,Developer,22,7,6747.07,No,2,4,45,14,No
EMP30187,Sales,Developer,42,6,5470.61,No,1,1,50,8,No
EMP30188,IT,Specialist,30,12,4852.0,Yes,2,3,19,19,Yes
EMP30189,Operations,Analyst,36,7,4195.13,No,3,4,23,17,No
EMP30190,Marketing,Developer,48,0,2421.85,No,1,3,29,19,No
EMP30191,Marketing,Specialist,55,6,6456.78,Yes,1,2,37,8,No
EMP30192,IT,Executive,41,15,4991.95,No,2,4,34,14,No
EMP30193,Finance,Developer,57,15,3133.87,No,1,4,10,3,No
EMP30194,IT,Executive,31,9,5461.95,No,1,2,26,15,No
EMP30195,Sales,Manager,48,10,6288.54,No,3,3,33,15,No
EMP30196,Finance,Specialist,59,4,5115.66,No,4,4,39,16,No
EMP30197,Finance,Manager,29,12,5590.66,No,3,1,40,0,No
EMP30198,Operations,Manager,49,9,5473.86,Yes,1,1,42,9,No
EMP30199,Sales,Developer,39,0,4356.47,No,2,3,30,5,Yes
EMP30200,Operations,Manager,55,15,5498.06,No,1,4,33,19,No
EMP30201,IT,Developer,32,13,6519.49,No,4,1,23,11,No
EMP30202,IT,Specialist,58,1,6968.63,No,2,3,20,12,No
EMP30203,Sales,Executive,52,6,6602.76,No,2,3,22,9,No
EMP30204,IT,Manager,48,11,4404.02,No,5,4,29,2,No
EMP30205,HR,Specialist,22,11,6370.99,Yes,3,4,11,13,No
EMP30206,IT,Analyst,24,2,6114.87,Yes,4,1,17,12,No
EMP30207,IT,Manager,46,0,4352.1,No,2,3,11,8,No
EMP30208,Finance,Developer,39,15,4720.2,No,5,3,27,13,No
EMP30209,Sales,Specialist,33,14,6436.21,Yes,4,2,32,8,No
EMP30210,Marketing,Analyst,53,11,7482.03,Yes,3,1,14,13,No
EMP30211,IT,Specialist,39,10,2699.16,No,3,2,12,7,No
EMP30212,Operations,Developer,38,10,7876.76,No,4,3,34,16,No
EMP30213,Finance,Executive,33,7,7162.91,Yes,1,3,17,18,No
EMP30214,Operations,Specialist,59,10,5715.34,Yes,2,3,53,10,No
EMP30215,IT,Analyst,35,4,5055.59,No,4,3,14,0,Yes
EMP30216,IT,Analyst,31,1,6002.32,No,3,4,31,14,No
EMP30217,Sales,Manager,47,4,4455.82,No,4,3,49,19,Yes
EMP30218,IT,Manager,22,4,5150.12,No,3,1,10,14,No
EMP30219,Finance,Manager,44,4,3204.13,Yes,1,2,30,7,No
EMP30220,Finance,Executive,43,7,2804.38,No,4,1,31,11,Yes
EMP30221,Operations,Specialist,30,2,8915.13,No,4,4,35,7,No
EMP30222,Marketing,Analyst,50,6,5511.28,No,2,4,54,16,No
EMP30223,Operations,Executive,22,7,5722.2,No,4,4,37,15,No
EMP30224,HR,Manager,59,3,5370.57,No,2,1,26,13,No
EMP30225,HR,Developer,54,7,4175.01,No,1,3,27,8,Yes
EMP30226,Marketing,Executive,27,10,4956.07,No,1,1,39,3,No
EMP30227,Operations,Specialist,40,6,5553.45,Yes,5,2,21,12,No
EMP30228,HR,Developer,28,0,5121.71,Yes,2,2,43,7,No
EMP30229,Operations,Specialist,45,11,4288.36,No,3,2,26,18,No
EMP30230,Sales,Developer,34,9,6135.9,No,2,2,8,1,No
EMP30231,Operations,Executive,40,6,5699.21,No,4,2,34,17,No
EMP30232,Marketing,Analyst,58,0,6006.03,Yes,4,1,19,16,No
EMP30233,Finance,Specialist,45,1,6474.23,Yes,5,4,25,10,No
EMP30234,Finance,Manager,54,1,5160.88,No,5,2,23,20,No
EMP30235,Sales,Executive,45,13,5163.33,No,5,4,12,15,No
EMP30236,Finance,Executive,39,4,7640.35,No,2,1,21,0,No
EMP30237,IT,Manager,21,6,4000.64,No,3,4,56,8,No
EMP30238,Marketing,Manager,24,11,2606.22,No,2,3,22,17,No
EMP30239,IT,Analyst,41,10,6249.97,No,4,1,46,16,No
EMP30240,IT,Executive,40,1,4472.64,No,4,4,27,3,No
EMP30241,HR,Developer,40,14,3800.64,Yes,2,3,8,3,No
EMP30242,Operations,Manager,53,4,6744.52,No,5,3,51,19,No
EMP30243,Marketing,Executive,24,12,5199.51,No,2,4,55,0,No
EMP30244,HR,Executive,46,13,3521.32,No,5,4,18,19,No
EMP30245,IT,Analyst,50,8,8319.09,No,5,1,14,11,No
EMP30246,Operations,Manager,46,2,3000.64,Yes,1,2,57,16,No
EMP30247,Finance,Analyst,30,8,5286.65,No,2,1,10,4,No
EMP30248,HR,Executive,36,3,2582.75,No,2,1,54,7,No
EMP30249,Marketing,Specialist,23,13,5822.65,Yes,5,1,14,15,Yes
EMP30250,HR,Developer,27,12,4455.0,No,4,3,53,3,No
EMP30251,Finance,Manager,52,13,6645.58,Yes,1,3,57,2,Yes
EMP30252,Marketing,Analyst,45,13,5390.59,No,5,1,18,12,No
EMP30253,IT,Developer,54,2,7442.58,No,2,2,17,0,No
EMP30254,Marketing,Specialist,47,0,4772.1,Yes,2,1,10,19,No
EMP30255,Marketing,Developer,30,10,3009.85,No,1,1,49,14,No
EMP30256,HR,Analyst,52,9,5772.94,No,1,1,24,14,Yes
EMP30257,HR,Analyst,47,13,5037.83,No,3,3,41,10,No
EMP30258,Sales,Specialist,28,10,2687.78,No,1,1,39,13,No
EMP30259,Sales,Executive,21,12,3833.6,Yes,1,4,34,19,Yes
EMP30260,Marketing,Analyst,50,5,4310.97,No,4,4,18,0,No
EMP30261,HR,Executive,49,1,7749.74,No,2,4,25,5,No
EMP30262,Operations,Developer,24,0,6477.84,Yes,4,4,33,14,No
EMP30263,IT,Manager,39,6,4895.06,No,5,4,10,2,No
EMP30264,IT,Executive,56,0,6122.97,Yes,1,4,27,5,Yes
EMP30265,Operations,Specialist,51,8,2357.48,Yes,4,4,44,0,No
EMP30266,Finance,Manager,52,6,4569.31,No,1,1,28,1,No
EMP30267,IT,Analyst,36,4,6018.16,No,4,3,27,9,No
EMP30268,Sales,Specialist,25,9,5664.73,No,2,2,52,13,No
EMP30269,Operations,Developer,34,10,4607.63,No,1,4,34,2,No
EMP30270,Sales,Executive,47,0,5359.2,Yes,2,1,46,20,No
EMP30271,Sales,Specialist,53,7,5923.83,No,2,2,7,16,No
EMP30272,IT,Executive,46,15,5402.63,Yes,4,2,56,13,No
EMP30273,Marketing,Specialist,22,4,6708.17,Yes,4,4,48,1,No
EMP30274,Finance,Analyst,44,12,5894.72,Yes,4,2,51,10,No
EMP30275,Sales,Analyst,28,5,6183.53,Yes,1,4,43,19,No
EMP30276,Marketing,Executive,44,4,7987.0,No,5,2,35,4,No
EMP30277,Marketing,Specialist,37,13,6657.93,No,3,3,34,11,No
EMP30278,Operations,Manager,41,5,8028.1,No,1,3,39,11,No
EMP30279,Sales,Developer,44,13,4408.8,No,5,2,32,14,No
EMP30280,Sales,Specialist,45,10,3028.05,Yes,4,2,45,19,No
EMP30281,Marketing,Manager,21,12,5206.25,No,1,2,23,2,No
EMP30282,Operations,Analyst,58,13,5078.27,No,3,3,48,1,No
EMP30283,Operations,Developer,43,14,7605.79,No,5,2,24,1,No
EMP30284,HR,Manager,40,8,3721.6,No,4,4,31,5,No
EMP30285,Finance,Analyst,35,15,5298.35,Yes,1,1,8,7,No
EMP30286,IT,Specialist,25,0,6024.44,No,4,1,55,18,No
EMP30287,Sales,Specialist,45,7,5566.82,No,1,1,43,10,No
EMP30288,IT,Analyst,35,6,5159.37,Yes,2,4,18,15,No
EMP30289,Finance,Developer,56,1,5954.52,No,1,2,7,12,No
EMP30290,HR,Specialist,46,13,7035.31,No,4,1,52,20,No
EMP30291,Finance,Developer,38,12,7720.28,No,5,1,5,6,No
EMP30292,HR,Executive,22,11,5465.88,No,1,4,31,14,No
EMP30293,Finance,Specialist,42,10,4192.9,No,4,4,6,5,No
EMP30294,Marketing,Executive,53,9,7718.47,No,2,2,43,4,No
EMP30295,Finance,Developer,39,6,3800.22,No,4,3,16,20,No
EMP30296,Marketing,Manager,46,10,8102.53,No,1,2,28,0,No
EMP30297,Marketing,Executive,25,15,7432.87,Yes,2,4,36,5,No
EMP30298,Finance,Developer,36,4,7650.76,No,2,3,25,8,No
EMP30299,Marketing,Analyst,51,5,6444.75,No,5,2,43,2,No
EMP30300,IT,Specialist,37,1,2333.33,No,1,4,33,16,Yes
EMP30301,Finance,Specialist,55,14,3857.99,No,3,1,28,7,No
EMP30302,Sales,Manager,36,8,5877.0,No,1,4,23,9,No
EMP30303,Sales,Developer,52,9,4403.2,No,3,2,27,6,No
EMP30304,Sales,Executive,46,4,4943.75,Yes,4,4,22,18,Yes
EMP30305,Sales,Specialist,57,0,6335.88,Yes,4,4,37,8,No
EMP30306,HR,Developer,41,12,5161.71,No,1,3,47,16,No
EMP30307,Operations,Analyst,39,13,3588.14,No,4,1,38,13,No
EMP30308,Marketing,Executive,34,5,6745.15,No,2,4,6,20,No
EMP30309,Marketing,Manager,46,12,6189.02,No,4,3,52,12,No
EMP30310,IT,Specialist,59,9,5043.17,No,5,4,49,20,No
EMP30311,HR,Specialist,27,10,6483.57,No,1,1,50,14,No
EMP30312,HR,Executive,57,2,5559.24,No,2,1,7,1,No
EMP30313,Sales,Developer,59,9,7413.71,No,5,2,51,3,No
EMP30314,Sales,Executive,50,2,5643.48,Yes,1,2,31,16,No
EMP30315,HR,Analyst,43,3,7402.56,Yes,2,1,52,0,No
EMP30316,Marketing,Manager,54,5,2606.19,No,3,1,48,3,No
EMP30317,HR,Executive,31,3,6105.5,No,5,2,54,16,No
EMP30318,HR,Executive,45,14,4819.87,No,2,4,11,7,No
EMP30319,Marketing,Specialist,52,0,4128.09,No,2,1,36,4,No
EMP30320,HR,Developer,52,14,7154.42,No,4,1,45,4,No
EMP30321,Operations,Developer,43,2,6750.3,Yes,1,4,38,6,No
EMP30322,Marketing,Manager,36,13,2406.95,No,2,1,50,17,No
EMP30323,Sales,Manager,58,5,6489.91,Yes,2,1,45,9,No
EMP30324,Finance,Executive,47,14,6307.89,No,3,4,7,20,No
EMP30325,HR,Manager,51,8,4332.06,Yes,3,2,16,15,No
EMP30326,Sales,Developer,45,7,4163.71,No,2,2,40,5,No
EMP30327,Sales,Analyst,55,2,3030.8,No,2,1,25,3,No
EMP30328,Finance,Manager,39,6,4910.37,No,5,2,24,19,No
EMP30329,Finance,Manager,42,8,5150.44,No,5,4,56,18,No
EMP30330,Finance,Specialist,52,15,6612.16,No,5,4,10,2,No
EMP30331,Operations,Executive,41,4,5820.74,No,4,3,34,6,No
EMP30332,Operations,Executive,30,1,3826.8,No,3,3,22,15,No
EMP30333,Sales,Analyst,50,4,5774.98,Yes,2,3,7,20,No
EMP30334,Sales,Executive,35,3,5035.6,Yes,1,3,25,18,No
EMP30335,HR,Specialist,25,15,4014.43,Yes,3,3,27,5,No
EMP30336,Finance,Analyst,35,2,3032.41,Yes,3,1,30,18,No
EMP30337,Marketing,Analyst,23,15,6353.87,No,4,4,14,15,No
EMP30338,Marketing,Analyst,55,1,6086.26,No,1,4,45,9,No
EMP30339,Operations,Specialist,59,12,6251.82,No,5,1,24,7,No
EMP30340,IT,Developer,31,6,4324.3,No,1,1,37,17,No
EMP30341,Finance,Manager,56,0,5673.29,No,2,4,35,17,No
EMP30342,Sales,Developer,48,9,3353.62,Yes,2,1,36,19,No
EMP30343,HR,Executive,58,11,3936.79,No,5,4,33,9,No
EMP30344,Sales,Developer,27,13,5467.26,No,4,4,21,5,No
EMP30345,Marketing,Analyst,23,2,5810.2,No,1,1,32,18,No
EMP30346,HR,Analyst,56,9,2973.44,Yes,5,4,34,6,Yes
EMP30347,Operations,Executive,31,9,3830.35,No,4,1,6,15,No
EMP30348,Sales,Executive,44,7,4868.58,No,1,2,45,10,No
EMP30349,Marketing,Developer,56,14,6854.44,No,4,3,29,12,No
EMP30350,Finance,Specialist,34,6,4197.01,Yes,1,3,21,4,No
EMP30351,Sales,Specialist,24,6,5627.53,Yes,3,1,6,5,No
EMP30352,HR,Analyst,51,8,5784.76,No,1,1,22,13,No
EMP30353,IT,Developer,38,14,5042.13,No,1,2,27,5,No
EMP30354,Sales,Executive,21,13,5818.7,Yes,3,3,51,14,No
EMP30355,Sales,Developer,34,11,3399.29,No,4,2,41,20,No
EMP30356,Operations,Manager,41,1,4432.99,No,3,2,28,1,No
EMP30357,Marketing,Specialist,55,4,7568.21,No,2,1,12,19,Yes
EMP30358,Finance,Executive,29,0,7673.81,No,3,4,20,3,No
EMP30359,Operations,Developer,41,1,6681.05,No,1,3,56,2,No
EMP30360,Sales,Manager,28,13,7067.25,No,1,4,12,17,No
EMP30361,IT,Manager,32,13,2677.8,No,1,2,40,4,No
EMP30362,Sales,Manager,31,1,3993.62,Yes,1,4,33,13,No
EMP30363,Marketing,Developer,41,7,4950.01,No,4,3,17,2,No
EMP30364,Operations,Manager,46,4,9040.13,Yes,4,3,53,1,No
EMP30365,Marketing,Manager,25,1,4947.04,No,1,2,27,4,No
EMP30366,Marketing,Manager,23,6,6534.02,No,3,3,42,10,No
EMP30367,IT,Executive,49,1,5984.22,No,3,2,10,6,No
EMP30368,Finance,Developer,32,11,5950.85,No,1,3,59,4,No
EMP30369,Finance,Developer,45,15,5381.37,No,5,2,6,17,No
EMP30370,Operations,Manager,23,6,3616.62,Yes,5,4,22,3,No
EMP30371,Operations,Developer,44,3,2333.33,Yes,4,4,56,1,Yes
EMP30372,HR,Analyst,56,7,7339.43,No,5,2,40,2,No
EMP30373,Sales,Analyst,38,15,4491.92,No,3,2,42,18,No
EMP30374,Marketing,Specialist,43,2,2616.0,No,5,4,22,9,No
EMP30375,Operations,Specialist,32,10,6073.61,No,3,3,48,20,No
EMP30376,Marketing,Specialist,32,1,6044.85,No,1,1,57,16,No
EMP30377,IT,Executive,23,4,6568.51,No,1,4,39,5,No
EMP30378,Sales,Manager,39,7,7090.24,No,5,3,17,16,No
EMP30379,Marketing,Developer,57,6,4038.19,No,3,3,55,9,No
EMP30380,Operations,Executive,25,2,4104.19,No,4,4,5,11,No
EMP30381,Marketing,Specialist,37,12,4938.61,No,1,1,55,11,No
EMP30382,HR,Developer,53,10,6649.13,No,3,4,5,15,No
EMP30383,Marketing,Analyst,40,6,2333.33,No,1,1,8,4,Yes
EMP30384,IT,Manager,50,6,5608.98,Yes,2,4,7,1,No
EMP30385,Operations,Specialist,35,1,6814.85,No,1,3,15,15,Yes
EMP30386,HR,Specialist,44,10,6752.95,No,2,3,45,20,No
EMP30387,Sales,Specialist,59,3,6479.51,No,4,3,27,12,No
EMP30388,Operations,Specialist,44,4,7011.17,No,1,2,9,2,No
EMP30389,HR,Developer,52,13,2333.33,No,1,4,24,2,No
EMP30390,Sales,Specialist,48,10,7836.87,No,4,1,60,11,No
EMP30391,Operations,Specialist,24,11,5912.27,No,1,3,34,18,Yes
EMP30392,Operations,Executive,27,4,7418.64,No,3,4,45,12,No
EMP30393,IT,Developer,44,8,3654.71,No,5,1,19,6,No
EMP30394,Marketing,Analyst,34,0,2785.93,Yes,4,3,34,13,No
EMP30395,Operations,Manager,39,3,8096.23,Yes,1,4,49,3,No
EMP30396,Sales,Executive,39,12,4026.88,No,1,3,42,10,No
EMP30397,HR,Developer,51,7,4950.39,No,4,3,5,20,No
EMP30398,Marketing,Specialist,59,10,6207.85,No,2,1,38,13,No
EMP30399,IT,Manager,59,12,6576.0,No,3,4,49,2,No
EMP30400,Marketing,Developer,24,14,7034.29,No,3,4,12,4,No
EMP30401,Finance,Analyst,50,1,5751.75,No,3,4,27,1,No
EMP30402,Operations,Developer,49,9,3835.2,No,3,1,41,8,No
EMP30403,Operations,Executive,54,15,6476.62,No,1,2,5,4,No
EMP30404,Finance,Specialist,37,3,6500.5,Yes,1,4,44,20,No
EMP30405,Finance,Analyst,40,13,2694.11,No,1,3,52,6,No
EMP30406,Finance,Manager,38,9,7544.69,No,2,4,34,0,No
EMP30407,Finance,Specialist,35,5,2333.33,No,5,3,30,9,No
EMP30408,Operations,Executive,30,12,6968.29,No,5,3,10,15,No
EMP30409,HR,Specialist,46,13,4465.5,No,3,2,45,14,No
EMP30410,HR,Developer,21,2,6474.93,Yes,1,4,57,20,Yes
EMP30411,Operations,Specialist,50,10,6181.96,Yes,1,3,54,7,No
EMP30412,Operations,Manager,53,14,5360.98,No,5,4,35,10,No
EMP30413,Finance,Analyst,29,10,6093.3,No,2,1,6,11,No
EMP30414,HR,Manager,29,8,5286.99,No,5,2,21,0,No
EMP30415,Finance,Manager,40,2,6487.59,Yes,3,1,19,0,No
EMP30416,Finance,Specialist,54,7,8694.57,Yes,5,3,5,16,No
EMP30417,HR,Manager,25,14,3404.81,No,1,3,11,8,No
EMP30418,IT,Manager,37,12,2333.33,Yes,5,2,37,14,No
EMP30419,Finance,Executive,29,7,4793.16,No,3,2,10,19,No
EMP30420,HR,Analyst,54,4,4690.63,No,3,3,7,5,No
EMP30421,Sales,Manager,55,12,4850.31,No,3,4,57,16,No
EMP30422,Marketing,Analyst,24,15,4027.01,Yes,2,2,38,4,No
EMP30423,Operations,Analyst,26,4,6725.32,Yes,4,2,50,15,No
EMP30424,Sales,Executive,27,12,3344.67,No,4,1,18,3,No
EMP30425,IT,Specialist,52,4,6092.83,No,5,4,25,6,No
EMP30426,Finance,Specialist,56,13,6374.37,No,5,4,39,9,No
EMP30427,Marketing,Analyst,35,15,5891.37,Yes,3,3,43,10,No
EMP30428,HR,Executive,27,10,6147.38,Yes,4,4,25,0,No
EMP30429,Operations,Specialist,46,7,6840.57,Yes,5,4,56,17,No
EMP30430,Sales,Specialist,55,5,5497.01,No,1,4,44,0,No
EMP30431,Finance,Specialist,56,0,4896.92,Yes,3,2,17,18,No
EMP30432,Operations,Manager,38,0,6146.22,Yes,4,1,10,4,No
EMP30433,Marketing,Developer,51,13,6317.22,No,3,4,5,14,No
EMP30434,IT,Developer,58,10,6751.19,No,1,1,52,14,No
EMP30435,Operations,Analyst,53,3,2848.08,No,4,2,51,9,No
EMP30436,Sales,Manager,39,8,5141.37,Yes,3,3,31,11,No
EMP30437,Sales,Analyst,31,14,3818.61,No,4,4,45,1,No
EMP30438,Marketing,Developer,35,10,6258.11,Yes,1,3,54,18,No
EMP30439,Operations,Specialist,35,14,6506.73,No,1,2,13,2,No
EMP30440,IT,Executive,59,1,5005.05,No,4,4,59,13,No
EMP30441,Marketing,Executive,49,1,4322.76,Yes,5,1,32,0,No
EMP30442,Marketing,Analyst,54,10,6312.11,No,4,1,29,15,No
EMP30443,Sales,Executive,51,9,5216.8,No,5,3,13,7,No
EMP30444,Sales,Executive,39,11,7556.37,No,5,2,42,10,No
EMP30445,IT,Specialist,51,15,8076.1,Yes,2,2,38,0,No
EMP30446,Operations,Manager,45,1,6917.73,No,1,2,6,4,No
EMP30447,Finance,Developer,49,14,5765.65,Yes,3,2,41,9,No
EMP30448,Finance,Manager,32,0,8155.03,No,4,4,12,15,No
EMP30449,HR,Developer,30,8,5777.75,Yes,4,2,20,12,No
EMP30450,HR,Developer,28,13,4697.88,No,3,3,39,5,No
EMP30451,Finance,Executive,32,10,4403.66,No,5,1,48,12,No
EMP30452,Sales,Executive,59,3,4361.41,No,5,4,12,4,No
EMP30453,Finance,Manager,57,9,5407.11,No,3,4,31,11,No
EMP30454,IT,Analyst,26,14,6111.3,No,3,1,20,11,No
EMP30455,Operations,Specialist,42,3,3293.93,No,1,3,44,4,No
EMP30456,IT,Analyst,57,14,4743.28,No,4,3,51,4,No
EMP30457,Sales,Analyst,50,10,5735.94,No,4,1,40,10,No
EMP30458,HR,Manager,44,1,6382.11,Yes,5,4,49,12,No
EMP30459,HR,Executive,44,5,5377.78,No,1,4,30,20,No
EMP30460,Finance,Specialist,33,13,5783.43,Yes,1,4,38,10,No
EMP30461,Marketing,Executive,57,5,3558.88,No,4,3,21,9,No
EMP30462,Operations,Specialist,24,15,4048.99,No,3,3,60,9,No
EMP30463,HR,Developer,54,6,5325.37,Yes,3,3,16,18,No
EMP30464,Operations,Specialist,54,5,6182.49,No,3,4,56,6,No
EMP30465,Finance,Analyst,31,13,5763.62,No,4,3,46,8,No
EMP30466,IT,Specialist,40,12,4143.43,No,4,3,60,7,No
EMP30467,Sales,Specialist,55,3,5061.82,No,1,1,40,13,No
EMP30468,Sales,Manager,39,12,7684.42,No,4,3,24,14,No
EMP30469,IT,Analyst,32,4,6233.05,Yes,3,1,20,10,Yes
EMP30470,Operations,Executive,23,14,5172.87,Yes,3,2,15,5,No
EMP30471,HR,Executive,38,0,3877.91,No,4,4,59,14,No
EMP30472,HR,Manager,31,10,4346.61,Yes,4,1,10,5,No
EMP30473,HR,Specialist,54,2,5426.55,No,2,4,50,18,No
EMP30474,IT,Manager,54,10,5830.59,No,1,2,44,13,No
EMP30475,Operations,Specialist,33,15,6265.01,No,1,4,12,9,Yes
EMP30476,Sales,Developer,29,10,5998.65,No,5,4,56,4,No
EMP30477,Finance,Developer,32,6,4861.31,No,2,1,14,15,No
EMP30478,Marketing,Developer,36,13,4650.01,No,2,1,14,12,No
EMP30479,Marketing,Specialist,47,3,8487.15,No,5,4,35,18,No
EMP30480,HR,Specialist,26,8,4581.97,No,2,2,10,14,No
EMP30481,Marketing,Executive,59,15,3479.11,No,3,2,10,16,No
EMP30482,IT,Manager,48,5,2958.59,No,2,1,39,1,No
EMP30483,IT,Manager,26,0,4886.88,No,4,3,59,0,Yes
EMP30484,HR,Specialist,33,7,6826.64,No,3,1,7,13,No
EMP30485,Sales,Analyst,48,7,4552.75,No,3,2,40,0,No
EMP30486,IT,Specialist,40,12,7632.94,No,3,2,38,18,No
EMP30487,Marketing,Manager,41,12,5405.74,Yes,5,4,8,18,No
EMP30488,Operations,Specialist,22,5,7081.0,No,3,2,13,12,No
EMP30489,IT,Developer,37,12,4280.08,Yes,3,4,29,15,No
EMP30490,IT,Analyst,44,2,4303.34,No,5,3,43,8,No
EMP30491,HR,Specialist,50,3,5553.24,Yes,1,2,17,20,No
EMP30492,Sales,Executive,38,9,6140.5,No,5,1,29,0,No
EMP30493,Sales,Executive,42,11,5148.23,Yes,1,4,32,6,Yes
EMP30494,Marketing,Manager,29,12,5855.36,No,2,2,44,14,No
EMP30495,Operations,Analyst,52,9,6299.4,No,1,3,18,16,No
EMP30496,Operations,Executive,48,2,3285.91,No,3,2,43,5,No
EMP30497,IT,Specialist,50,10,4905.26,Yes,5,2,51,16,No
EMP30498,Marketing,Executive,47,6,4638.64,Yes,2,3,37,9,No
EMP30499,IT,Manager,59,4,4711.48,Yes,4,2,45,18,No
EMP30500,Marketing,Analyst,55,5,6026.98,No,2,4,14,5,No
EMP30501,Finance,Analyst,52,12,4659.48,No,4,3,55,14,No
EMP30502,IT,Analyst,34,2,2409.05,No,5,4,21,4,No
EMP30503,Operations,Analyst,23,8,5061.89,No,4,2,16,2,No
EMP30504,HR,Developer,21,1,3820.06,No,2,1,35,14,No
EMP30505,IT,Analyst,51,11,6161.16,No,5,1,26,14,No
EMP30506,Operations,Developer,56,2,6625.21,No,1,4,30,6,No
EMP30507,Operations,Manager,46,15,2333.33,Yes,5,4,50,12,No
EMP30508,Finance,Developer,49,14,4255.32,No,5,3,35,19,No
EMP30509,HR,Manager,24,13,5946.73,No,4,3,25,7,No
EMP30510,IT,Analyst,43,5,3303.35,No,4,1,49,10,No
EMP30511,HR,Manager,44,12,6590.66,No,2,4,26,4,No
EMP30512,Marketing,Developer,27,2,6990.64,No,3,3,58,10,No
EMP30513,HR,Manager,50,4,5173.64,No,1,3,60,18,No
EMP30514,Marketing,Specialist,34,2,4255.8,No,2,1,31,13,No
EMP30515,Sales,Manager,28,0,2333.33,Yes,3,3,48,2,No
EMP30516,Sales,Analyst,48,5,6637.7,No,2,3,44,15,Yes
EMP30517,IT,Executive,37,9,8420.47,No,4,4,53,8,No
EMP30518,Sales,Analyst,41,13,8110.14,Yes,5,1,30,0,No
EMP30519,Marketing,Executive,42,0,5124.21,No,3,1,27,13,No
EMP30520,HR,Executive,45,6,3777.65,Yes,2,4,20,6,Yes
EMP30521,Sales,Analyst,37,11,6673.1,Yes,2,2,37,20,No
EMP30522,Finance,Analyst,52,3,5226.36,No,3,2,39,20,No
EMP30523,Marketing,Specialist,55,11,6133.86,No,4,3,30,14,No
EMP30524,Marketing,Developer,39,9,5870.79,No,1,2,22,13,No
EMP30525,Sales,Developer,27,9,5556.17,No,3,4,30,6,No
EMP30526,Operations,Manager,31,1,6959.44,Yes,3,4,33,1,No
EMP30527,HR,Executive,51,2,7015.17,No,2,2,12,1,No
EMP30528,Marketing,Specialist,31,14,4632.64,Yes,2,1,41,9,No
EMP30529,Finance,Manager,51,14,4032.0,Yes,5,4,52,6,No
EMP30530,Operations,Manager,46,7,2333.33,No,3,3,23,20,No
EMP30531,Marketing,Developer,38,9,4897.42,No,3,4,26,6,No
EMP30532,Marketing,Executive,25,8,3776.68,Yes,1,2,10,4,No
EMP30533,Sales,Manager,42,8,6045.46,Yes,2,2,37,17,No
EMP30534,Operations,Developer,48,11,4912.87,No,2,1,28,17,No
EMP30535,Sales,Developer,26,9,5075.52,Yes,2,2,52,7,No
EMP30536,Marketing,Manager,53,2,6634.62,No,5,3,55,1,No
EMP30537,Finance,Specialist,28,1,6012.55,No,3,1,48,2,No
EMP30538,IT,Specialist,37,13,5241.63,Yes,5,3,16,10,No
EMP30539,IT,Executive,41,11,7946.31,No,3,3,16,18,No
EMP30540,Marketing,Executive,49,3,6523.89,No,4,4,32,8,No
EMP30541,Finance,Manager,29,0,4792.88,No,1,1,39,0,No
EMP30542,IT,Specialist,34,3,4859.79,No,5,1,6,7,No
EMP30543,Operations,Manager,52,9,6599.24,No,4,2,32,0,No
EMP30544,Operations,Analyst,33,9,5720.94,No,1,4,9,8,No
EMP30545,Sales,Manager,45,2,3734.93,No,4,1,19,9,No
EMP30546,IT,Specialist,36,2,6758.74,No,3,4,25,15,No
EMP30547,Marketing,Executive,23,3,7302.51,Yes,1,4,7,1,Yes
EMP30548,HR,Manager,41,7,7188.75,No,5,1,19,10,Yes
EMP30549,Sales,Developer,34,3,7730.79,Yes,3,2,40,3,No
EMP30550,Finance,Analyst,31,7,8520.46,No,4,2,60,9,No
EMP30551,Marketing,Executive,54,0,8011.61,No,3,2,48,20,No
EMP30552,Finance,Developer,51,14,5927.66,No,1,4,22,15,No
EMP30553,Marketing,Developer,31,14,5104.02,Yes,2,2,57,17,No
EMP30554,Sales,Developer,41,5,2672.26,No,4,3,29,0,No
EMP30555,Operations,Developer,49,12,5432.97,No,2,1,24,16,No
EMP30556,Finance,Developer,23,8,6195.37,No,5,3,52,18,No
EMP30557,Marketing,Analyst,24,0,5482.0,No,2,2,27,14,No
EMP30558,Finance,Executive,42,4,2584.34,No,3,4,46,16,No
EMP30559,Operations,Specialist,57,0,4986.73,No,3,4,14,1,Yes
EMP30560,Sales,Analyst,57,11,6384.66,No,1,1,23,15,No
EMP30561,Sales,Specialist,38,12,3877.79,Yes,5,3,60,17,Yes
EMP30562,Operations,Manager,48,9,5665.2,No,1,2,18,4,No
EMP30563,Sales,Manager,40,0,6064.11,No,3,2,52,9,No
EMP30564,Marketing,Executive,56,3,7093.62,Yes,5,2,31,8,No
EMP30565,Sales,Specialist,43,7,7985.57,No,5,4,58,2,No
EMP30566,Operations,Manager,55,2,4849.93,No,2,2,28,2,No
EMP30567,HR,Specialist,35,1,5692.3,Yes,2,1,32,6,No
EMP30568,Finance,Developer,57,4,5739.27,No,3,1,27,2,No
EMP30569,Finance,Executive,49,9,6390.73,No,4,4,16,10,No
EMP30570,HR,Specialist,50,1,6222.77,No,2,2,52,1,No
EMP30571,HR,Manager,21,15,7554.18,No,3,1,37,0,No
EMP30572,Finance,Executive,52,7,2333.33,No,5,2,33,13,No
EMP30573,Operations,Manager,27,2,6043.7,No,4,4,25,5,No
EMP30574,Operations,Developer,57,0,6147.78,Yes,5,4,48,7,No
EMP30575,HR,Developer,28,15,5063.82,Yes,5,4,24,7,No
EMP30576,HR,Analyst,53,9,2333.33,Yes,5,3,18,9,No
EMP30577,Sales,Specialist,45,13,5325.17,Yes,3,4,9,9,No
EMP30578,Operations,Analyst,36,12,4350.83,Yes,5,4,53,2,No
EMP30579,IT,Manager,55,15,7933.6,No,3,1,9,0,No
EMP30580,HR,Specialist,36,14,5979.6,No,4,2,52,9,No
EMP30581,Marketing,Executive,23,12,4223.44,Yes,5,3,26,11,No
EMP30582,Operations,Manager,23,13,2337.7,No,1,2,5,16,No
EMP30583,HR,Manager,54,13,6302.59,Yes,5,4,56,4,No
EMP30584,HR,Developer,35,4,6460.89,No,5,4,46,1,No
EMP30585,IT,Developer,52,9,5093.0,No,5,3,45,12,No
EMP30586,Finance,Developer,21,15,6322.18,No,4,1,35,18,No
EMP30587,Sales,Analyst,23,13,4894.26,Yes,1,2,47,5,No
EMP30588,Marketing,Manager,59,1,7017.49,No,2,1,12,1,No
EMP30589,Marketing,Executive,26,1,6905.69,No,1,2,18,8,No
EMP30590,IT,Specialist,47,3,2958.28,Yes,4,1,35,11,No
EMP30591,IT,Analyst,34,11,3323.88,No,3,1,46,13,No
EMP30592,Finance,Manager,40,6,8463.59,No,3,1,37,2,No
EMP30593,Finance,Developer,25,10,6814.96,Yes,4,2,27,13,No
EMP30594,Finance,Developer,31,2,3523.1,No,5,1,42,7,No
EMP30595,Sales,Executive,50,0,3061.1,No,1,1,8,0,No
EMP30596,Operations,Developer,41,12,5728.32,No,5,2,33,19,No
EMP30597,Sales,Analyst,40,4,3703.19,No,2,3,27,11,No
EMP30598,HR,Manager,57,0,4941.61,No,4,3,32,6,Yes
EMP30599,Operations,Executive,37,3,5345.75,Yes,3,2,12,17,No
EMP30600,Marketing,Developer,52,5,5281.01,Yes,3,3,55,16,No
EMP30601,Finance,Manager,49,6,7106.47,No,2,1,52,4,No
EMP30602,Sales,Executive,38,14,8168.8,No,1,3,57,20,No
EMP30603,Operations,Executive,32,3,4698.29,No,4,1,52,11,No
EMP30604,Sales,Developer,34,9,3720.68,Yes,2,1,42,5,No
EMP30605,IT,Executive,54,4,5999.94,No,2,4,21,9,Yes
EMP30606,Sales,Manager,32,7,7863.89,No,1,2,11,3,No
EMP30607,Marketing,Developer,46,4,4811.84,No,5,3,39,17,No
EMP30608,HR,Specialist,25,5,6692.21,No,2,2,58,5,No
EMP30609,Finance,Executive,34,9,4160.96,Yes,2,3,25,9,No
EMP30610,Operations,Analyst,57,9,5448.57,Yes,2,3,60,1,No
EMP30611,Marketing,Executive,42,2,3673.75,Yes,3,4,13,19,No
EMP30612,Marketing,Specialist,53,2,5432.91,No,3,1,20,6,No
EMP30613,Sales,Manager,31,3,5241.98,No,3,3,41,13,No
EMP30614,HR,Specialist,50,14,6328.85,No,2,4,32,7,No
EMP30615,HR,Executive,59,5,8083.76,No,2,2,47,11,No
EMP30616,Operations,Developer,57,9,4833.32,No,5,2,24,11,No
EMP30617,HR,Executive,37,7,2417.07,No,3,3,48,6,No
EMP30618,IT,Executive,47,5,5113.51,No,5,3,21,9,No
EMP30619,Operations,Manager,55,0,5865.64,No,5,2,13,12,No
EMP30620,HR,Analyst,52,7,5719.52,No,4,4,36,4,No
EMP30621,Operations,Analyst,59,15,5180.53,Yes,3,3,33,2,Yes
EMP30622,HR,Executive,22,15,7648.24,Yes,5,3,36,3,No
EMP30623,HR,Manager,41,4,5620.99,Yes,1,1,6,8,No
EMP30624,Sales,Analyst,51,8,5259.47,No,3,3,28,4,No
EMP30625,Sales,Specialist,49,4,4250.11,No,4,4,10,5,No
EMP30626,Sales,Developer,26,14,2796.6,No,1,3,50,14,Yes
EMP30627,IT,Manager,43,8,5910.51,Yes,1,3,9,14,No
EMP30628,HR,Developer,27,14,5784.79,No,1,3,57,19,No
EMP30629,Sales,Manager,24,13,3827.67,No,3,1,8,16,No
EMP30630,Sales,Manager,25,5,5350.11,No,3,1,39,8,No
EMP30631,Marketing,Specialist,58,7,5200.89,No,3,3,23,19,No
EMP30632,Marketing,Manager,31,9,4479.92,Yes,1,1,11,19,No
EMP30633,IT,Manager,38,3,4226.7,Yes,3,1,25,4,Yes
EMP30634,Marketing,Manager,30,13,6024.29,No,5,4,7,3,No
EMP30635,Sales,Developer,55,9,5077.95,Yes,1,2,44,18,No
EMP30636,Sales,Developer,55,3,4530.18,No,4,4,53,18,No
EMP30637,HR,Manager,46,7,4124.16,No,2,4,23,17,No
EMP30638,IT,Executive,53,13,5221.69,Yes,1,1,29,9,No
EMP30639,Sales,Developer,25,6,6803.39,No,1,4,12,18,No
EMP30640,Marketing,Manager,59,11,5726.63,Yes,1,2,31,16,Yes
EMP30641,Marketing,Specialist,37,15,5060.98,No,3,3,58,15,No
EMP30642,IT,Specialist,36,5,5879.4,No,3,1,35,12,No
EMP30643,IT,Executive,28,15,7463.24,No,4,2,54,5,No
EMP30644,Operations,Specialist,55,6,6152.29,Yes,1,3,48,15,No
EMP30645,Marketing,Specialist,27,8,5806.97,No,4,2,11,18,No
EMP30646,IT,Specialist,54,12,6374.46,No,4,3,7,18,No
EMP30647,Operations,Manager,48,1,5179.65,No,1,1,25,12,No
EMP30648,Sales,Analyst,51,11,5692.77,No,4,1,57,0,No
EMP30649,Finance,Developer,22,9,4683.23,No,1,3,14,15,No
EMP30650,Marketing,Specialist,49,10,3090.84,No,3,2,7,5,No
EMP30651,HR,Manager,58,15,5930.92,No,4,3,58,4,No
EMP30652,Finance,Specialist,36,7,5936.69,No,5,2,16,1,No
EMP30653,Operations,Analyst,38,14,4985.1,No,3,1,24,3,No
EMP30654,Finance,Specialist,25,9,6970.4,No,3,3,48,10,No
EMP30655,Operations,Executive,40,3,4334.26,Yes,5,1,10,5,Yes
EMP30656,Marketing,Specialist,47,10,2759.59,No,2,4,14,8,No
EMP30657,Sales,Specialist,32,3,4370.99,Yes,2,1,45,10,No
EMP30658,Marketing,Developer,49,14,3105.26,Yes,3,4,5,11,No
EMP30659,Marketing,Developer,24,2,5923.72,No,1,2,44,8,No
EMP30660,Marketing,Manager,47,7,4288.55,Yes,1,4,35,9,No
EMP30661,HR,Specialist,43,13,6893.7,Yes,2,1,18,18,No
EMP30662,Finance,Executive,29,0,6862.36,No,1,2,39,5,No
EMP30663,HR,Analyst,34,7,4029.21,No,4,2,23,0,No
EMP30664,Marketing,Executive,30,8,4204.51,Yes,3,1,58,16,No
EMP30665,HR,Analyst,45,5,6218.33,No,3,2,28,1,No
EMP30666,IT,Manager,45,10,6886.43,Yes,3,1,46,16,No
EMP30667,Operations,Analyst,42,5,2397.74,No,1,2,19,6,No
EMP30668,Sales,Manager,28,5,5839.17,No,3,2,51,17,No
EMP30669,HR,Analyst,29,4,2333.33,Yes,1,1,21,3,No
EMP30670,IT,Analyst,52,9,4593.89,No,2,4,33,3,No
EMP30671,HR,Manager,39,14,7057.15,No,4,3,49,8,No
EMP30672,HR,Analyst,37,2,9931.32,No,5,4,56,8,No
EMP30673,Sales,Specialist,33,6,5058.43,No,2,4,47,15,No
EMP30674,Marketing,Specialist,57,3,3545.99,No,2,2,42,13,No
EMP30675,HR,Specialist,30,3,4646.43,No,4,2,43,20,No
EMP30676,HR,Executive,50,15,5515.77,No,5,4,27,14,No
EMP30677,Sales,Manager,51,11,4411.3,No,2,2,43,4,No
EMP30678,Marketing,Developer,30,15,4029.43,No,5,1,37,1,No
EMP30679,Marketing,Analyst,21,10,4776.39,Yes,2,3,34,5,No
EMP30680,HR,Analyst,30,10,6010.03,No,4,4,22,20,No
EMP30681,HR,Developer,31,11,5162.55,No,2,1,24,16,No
EMP30682,HR,Executive,50,10,4094.26,No,2,3,11,15,No
EMP30683,Marketing,Developer,41,13,4411.57,No,5,2,45,5,No
EMP30684,IT,Manager,37,5,4795.88,No,2,2,6,9,No
EMP30685,Operations,Developer,39,1,3917.53,Yes,1,2,11,14,Yes
EMP30686,Marketing,Developer,58,7,4355.95,Yes,4,1,21,19,No
EMP30687,Operations,Manager,57,0,6382.12,No,1,2,12,12,No
EMP30688,Marketing,Manager,21,0,5071.19,No,1,2,46,0,No
EMP30689,Marketing,Executive,53,0,2786.44,No,5,4,12,17,No
EMP30690,Sales,Specialist,35,1,6954.09,No,2,1,30,19,No
EMP30691,IT,Executive,50,11,6041.75,No,1,4,46,0,No
EMP30692,Sales,Specialist,59,9,3341.97,No,5,1,37,8,No
EMP30693,Finance,Specialist,41,14,4868.6,No,2,2,38,20,Yes
EMP30694,HR,Developer,45,4,4228.52,Yes,4,2,24,20,No
EMP30695,Sales,Developer,37,5,6432.03,No,2,2,30,20,No
EMP30696,Finance,Executive,23,7,4859.19,No,3,4,47,20,No
EMP30697,Sales,Specialist,22,12,5307.51,No,4,4,31,0,No
EMP30698,HR,Manager,35,14,5132.88,Yes,4,3,44,3,No
EMP30699,HR,Analyst,53,11,3196.46,No,3,3,51,10,No
EMP30700,Marketing,Developer,34,8,7524.76,No,4,3,18,12,No
EMP30701,Operations,Manager,37,15,6410.16,No,5,4,11,8,No
EMP30702,Finance,Analyst,41,2,4295.59,No,5,4,30,5,No
EMP30703,Operations,Analyst,33,7,5704.46,No,4,4,26,5,No
EMP30704,IT,Executive,40,3,6877.84,No,2,1,13,12,No
EMP30705,IT,Specialist,44,2,5500.28,No,3,2,47,20,No
EMP30706,Operations,Developer,54,6,7751.8,Yes,5,2,39,17,No
EMP30707,Operations,Analyst,50,12,9793.44,No,2,1,41,3,No
EMP30708,Sales,Developer,52,5,5227.48,Yes,4,4,44,3,Yes
EMP30709,IT,Developer,41,13,4542.87,No,4,1,29,5,No
EMP30710,IT,Executive,48,9,3932.55,No,3,4,33,15,No
EMP30711,Sales,Executive,26,11,2333.33,Yes,5,4,17,0,No
EMP30712,Finance,Analyst,26,3,7288.88,No,3,3,45,14,No
EMP30713,Sales,Executive,56,13,4886.43,No,5,2,58,12,No
EMP30714,Marketing,Specialist,44,3,6729.7,No,4,2,53,13,No
EMP30715,Finance,Executive,25,5,7031.34,Yes,1,3,27,18,No
EMP30716,Operations,Specialist,36,12,3795.21,No,5,3,7,12,No
EMP30717,HR,Manager,58,11,4020.45,No,4,3,54,13,No
EMP30718,Marketing,Executive,21,4,8033.7,No,2,3,37,10,No
EMP30719,IT,Specialist,38,4,5311.57,No,4,4,48,13,No
EMP30720,Finance,Executive,53,6,4426.24,No,3,4,21,7,No
EMP30721,Sales,Specialist,57,7,3848.91,No,5,4,53,1,Yes
EMP30722,Operations,Executive,35,0,5204.48,Yes,2,2,51,0,No
EMP30723,Finance,Developer,56,3,7678.51,No,2,1,5,15,No
EMP30724,IT,Analyst,48,2,6444.82,No,1,2,36,13,No
EMP30725,Operations,Manager,36,2,5689.31,No,4,2,31,8,No
EMP30726,Marketing,Specialist,51,5,7799.45,No,5,2,41,15,No
EMP30727,Sales,Developer,52,0,7510.33,No,4,3,19,9,No
EMP30728,Marketing,Analyst,31,10,5917.85,No,2,4,10,5,No
EMP30729,Operations,Executive,24,10,9580.85,No,5,4,20,12,No
EMP30730,HR,Analyst,51,3,5045.53,No,2,3,34,7,No
EMP30731,Finance,Specialist,24,14,7063.71,No,4,3,20,20,No
EMP30732,Operations,Manager,51,9,4827.17,Yes,3,2,30,15,No
EMP30733,HR,Developer,34,5,6770.94,No,5,3,26,15,No
EMP30734,Finance,Manager,48,3,5044.09,No,5,2,43,14,No
EMP30735,Sales,Manager,44,6,6108.72,No,2,4,27,14,No
EMP30736,Marketing,Executive,22,15,9001.87,No,1,4,13,16,No
EMP30737,Marketing,Executive,21,0,6844.44,No,1,2,40,9,No
EMP30738,IT,Developer,45,0,6131.93,No,4,3,16,17,No
EMP30739,HR,Analyst,41,6,4254.61,No,2,1,21,0,No
EMP30740,IT,Analyst,22,14,5699.01,Yes,1,2,44,13,No
EMP30741,HR,Analyst,59,4,3904.66,No,5,4,20,11,No
EMP30742,IT,Developer,30,11,6747.13,Yes,4,3,8,0,No
EMP30743,Marketing,Specialist,54,9,6709.48,No,1,3,25,13,No
EMP30744,Operations,Developer,25,3,5147.21,No,4,1,26,0,No
EMP30745,Marketing,Developer,30,14,7911.96,Yes,4,4,43,14,No
EMP30746,Operations,Specialist,41,2,7701.01,No,5,4,44,11,No
EMP30747,Operations,Manager,41,8,5641.14,No,5,2,5,12,No
EMP30748,Sales,Executive,44,10,6264.93,Yes,5,4,47,12,No
EMP30749,Operations,Manager,27,10,4533.98,No,5,3,46,6,No
EMP30750,Operations,Specialist,31,13,5008.4,No,4,2,14,13,No
EMP30751,Sales,Developer,31,11,3799.66,Yes,4,2,23,4,No
EMP30752,Sales,Analyst,38,10,4699.16,No,3,3,47,15,No
EMP30753,Operations,Analyst,56,2,5260.08,No,4,2,37,1,No
EMP30754,HR,Specialist,39,4,2926.12,Yes,5,3,24,2,No
EMP30755,IT,Executive,59,5,6281.89,No,1,1,47,14,No
EMP30756,HR,Specialist,30,5,6949.86,No,1,2,40,1,No
EMP30757,Marketing,Developer,30,1,5404.79,No,3,3,33,20,No
EMP30758,HR,Specialist,24,1,2333.33,Yes,2,4,5,0,No
EMP30759,HR,Analyst,29,7,5037.18,No,3,2,41,11,Yes
EMP30760,HR,Developer,33,11,3326.59,No,2,3,15,20,No
EMP30761,Sales,Analyst,35,14,4502.24,No,4,2,56,14,No
EMP30762,Sales,Executive,48,15,7594.57,No,5,4,15,13,No
EMP30763,HR,Manager,38,7,2333.33,No,2,2,6,14,Yes
EMP30764,Sales,Specialist,47,14,4192.12,No,4,3,26,14,No
EMP30765,Operations,Analyst,24,7,6661.02,Yes,1,2,24,3,No
EMP30766,HR,Executive,57,7,4363.78,No,4,2,24,6,No
EMP30767,Finance,Specialist,26,3,4249.02,No,4,3,56,4,No
EMP30768,HR,Specialist,22,10,8465.28,No,4,3,20,4,No
EMP30769,Operations,Specialist,37,4,5984.25,No,3,3,51,4,No
EMP30770,HR,Specialist,46,7,6818.12,No,1,4,14,13,No
EMP30771,Sales,Specialist,30,14,6158.67,Yes,5,3,39,19,No
EMP30772,HR,Specialist,27,8,5659.21,No,1,4,12,11,No
EMP30773,IT,Specialist,53,4,7312.7,No,3,2,17,0,No
EMP30774,Finance,Developer,53,10,8274.69,No,1,3,13,14,No
EMP30775,Finance,Analyst,50,11,2891.39,No,5,2,23,11,No
EMP30776,HR,Manager,29,9,5363.69,Yes,3,3,30,16,No
EMP30777,HR,Analyst,41,0,5351.87,No,3,1,53,7,Yes
EMP30778,Finance,Manager,47,3,4772.75,No,2,4,47,9,No
EMP30779,Operations,Developer,37,2,6888.26,No,4,3,44,13,No
EMP30780,Marketing,Analyst,27,15,5802.0,No,2,3,32,14,No
EMP30781,Marketing,Executive,53,4,8304.88,No,4,4,20,4,No
EMP30782,Sales,Developer,57,7,7067.07,Yes,5,2,21,12,No
EMP30783,Finance,Specialist,27,14,7463.72,No,2,2,12,20,No
EMP30784,Sales,Specialist,48,15,3617.92,No,4,3,42,1,No
EMP30785,HR,Executive,55,3,4207.54,No,2,4,48,6,No
EMP30786,Operations,Manager,42,13,4331.13,Yes,5,2,35,11,No
EMP30787,Finance,Manager,22,11,7401.34,No,5,1,37,19,No
EMP30788,Operations,Manager,47,9,3965.9,No,2,1,25,20,No
EMP30789,Marketing,Developer,57,2,4009.77,No,2,3,58,12,No
EMP30790,Marketing,Manager,31,11,3734.63,No,1,1,54,11,Yes
EMP30791,Operations,Specialist,26,9,9546.21,No,4,3,27,8,No
EMP30792,Operations,Specialist,30,7,5203.32,No,5,4,47,9,No
EMP30793,Operations,Developer,52,9,6211.5,No,1,3,24,15,No
EMP30794,IT,Manager,42,3,3705.74,No,5,1,11,11,No
EMP30795,IT,Manager,21,9,6855.55,No,4,3,21,11,No
EMP30796,HR,Specialist,43,2,2756.17,Yes,3,2,51,17,No
EMP30797,Operations,Analyst,52,4,3948.16,No,2,1,31,2,No
EMP30798,HR,Specialist,28,7,4319.61,No,4,1,53,20,No
EMP30799,Sales,Manager,43,2,5744.97,Yes,3,3,23,14,No
EMP30800,Operations,Executive,29,14,4227.04,No,5,3,30,12,No
EMP30801,Operations,Developer,21,14,7702.66,Yes,3,2,9,12,No
EMP30802,Finance,Analyst,36,7,6171.5,No,1,4,48,12,No
EMP30803,Marketing,Manager,51,9,4382.26,No,2,3,22,11,No
EMP30804,Operations,Specialist,47,4,6913.09,No,2,4,10,7,No
EMP30805,Marketing,Developer,24,3,4826.74,Yes,3,1,17,15,No
EMP30806,IT,Developer,28,15,4531.01,Yes,2,2,42,5,No
EMP30807,Sales,Executive,42,6,6760.39,Yes,5,1,50,13,No
EMP30808,HR,Specialist,33,15,2333.33,Yes,2,2,58,11,No
EMP30809,Operations,Analyst,33,1,6518.89,No,4,4,18,7,No
EMP30810,Marketing,Executive,38,1,4347.02,No,2,2,38,16,No
EMP30811,Sales,Specialist,50,7,4344.76,No,5,2,30,6,No
EMP30812,Marketing,Executive,43,12,8353.87,Yes,5,1,45,13,No
EMP30813,HR,Analyst,54,6,4619.85,Yes,4,2,42,5,No
EMP30814,Operations,Executive,24,13,6850.54,Yes,4,1,8,4,No
EMP30815,Operations,Developer,39,2,5835.53,Yes,4,1,13,12,No
EMP30816,Sales,Specialist,42,13,5991.15,No,3,1,38,20,No
EMP30817,HR,Manager,50,7,5040.85,Yes,3,3,34,6,No
EMP30818,Sales,Specialist,41,4,4962.59,No,1,3,54,2,No
EMP30819,HR,Specialist,56,10,7708.65,No,5,3,52,2,Yes
EMP30820,Operations,Specialist,53,12,6812.36,Yes,5,1,8,10,No
EMP30821,Operations,Executive,47,14,4667.15,Yes,3,4,37,16,No
EMP30822,Operations,Analyst,36,1,3847.85,No,5,3,27,14,No
EMP30823,Finance,Analyst,33,11,4539.96,No,3,3,32,4,No
EMP30824,Sales,Developer,41,5,6888.91,Yes,1,4,8,17,No
EMP30825,Finance,Specialist,39,8,7184.7,No,5,2,51,3,No
EMP30826,HR,Analyst,22,7,6249.08,No,3,3,14,11,No
EMP30827,Finance,Developer,29,12,2991.51,No,5,1,58,17,No
EMP30828,IT,Executive,53,6,6547.34,No,2,2,57,16,No
EMP30829,Operations,Manager,38,4,7372.03,No,3,2,50,14,No
EMP30830,Finance,Developer,58,7,5677.0,No,4,1,11,6,No
EMP30831,HR,Analyst,30,10,8386.37,No,1,3,27,16,No
EMP30832,Sales,Executive,58,13,3435.21,No,5,1,6,8,No
EMP30833,Sales,Manager,52,0,6443.88,No,4,4,39,7,No
EMP30834,HR,Developer,34,9,3886.33,No,1,1,53,11,No
EMP30835,Finance,Specialist,44,1,7004.48,Yes,4,1,34,12,No
EMP30836,Marketing,Developer,59,9,6335.96,No,5,2,6,4,No
EMP30837,Operations,Developer,45,9,8118.7,No,2,2,21,19,No
EMP30838,HR,Manager,57,13,6166.23,No,4,3,14,18,No
EMP30839,IT,Specialist,25,3,4810.66,Yes,4,3,29,5,No
EMP30840,IT,Specialist,27,12,4680.06,No,1,3,25,5,No
EMP30841,Sales,Specialist,21,11,5041.4,Yes,3,3,51,1,No
EMP30842,Sales,Specialist,33,10,4650.58,No,3,4,17,8,No
EMP30843,Marketing,Manager,51,10,7437.33,No,2,3,21,3,No
EMP30844,Sales,Specialist,58,8,7330.12,No,2,1,18,19,No
EMP30845,Marketing,Developer,42,1,3171.82,No,4,2,54,18,No
EMP30846,Finance,Developer,37,13,5474.21,Yes,4,3,21,17,No
EMP30847,Finance,Developer,57,6,5510.4,Yes,2,2,60,5,No
EMP30848,Marketing,Executive,43,1,4244.72,No,1,4,42,14,No
EMP30849,Operations,Specialist,41,9,6074.04,Yes,4,2,22,10,No
EMP30850,Sales,Analyst,24,15,7607.94,No,1,2,38,5,Yes
EMP30851,Marketing,Developer,29,11,6754.38,No,1,2,11,11,No
EMP30852,IT,Specialist,48,3,7437.27,Yes,2,3,55,3,No
EMP30853,Finance,Executive,48,13,4338.96,No,5,3,58,20,No
EMP30854,Finance,Analyst,40,13,5471.43,No,4,2,21,3,Yes
EMP30855,IT,Specialist,48,5,4268.2,No,2,1,14,6,Yes
EMP30856,Finance,Analyst,47,8,5775.81,No,3,1,28,4,No
EMP30857,Finance,Developer,23,13,5910.84,No,5,2,48,10,No
EMP30858,Marketing,Manager,53,2,6856.42,No,4,4,40,14,No
EMP30859,Marketing,Specialist,48,5,7386.9,Yes,4,4,7,20,No
EMP30860,HR,Manager,29,7,6450.13,Yes,1,3,5,8,No
EMP30861,Operations,Manager,29,0,4126.41,No,2,3,18,4,No
EMP30862,Operations,Executive,58,2,3388.41,No,1,3,47,0,No
EMP30863,Sales,Manager,30,9,6196.7,No,5,1,19,12,No
EMP30864,Operations,Manager,22,4,7667.45,No,2,2,55,20,No
EMP30865,Marketing,Developer,22,3,5379.48,No,3,4,21,1,No
EMP30866,Sales,Developer,29,4,3125.58,No,3,3,54,20,No
EMP30867,Operations,Developer,45,1,8543.8,Yes,3,1,56,5,No
EMP30868,Sales,Manager,38,10,6150.77,Yes,1,1,45,19,No
EMP30869,HR,Executive,49,4,5673.38,No,5,4,14,1,No
EMP30870,Operations,Analyst,30,10,3664.71,No,2,4,9,18,No
EMP30871,Marketing,Manager,29,13,5440.99,No,5,1,14,6,No
EMP30872,Operations,Specialist,36,7,6446.99,Yes,4,2,40,5,No
EMP30873,Operations,Developer,51,14,6171.2,No,4,4,43,4,No
EMP30874,IT,Specialist,40,3,4396.84,No,4,2,60,2,No
EMP30875,Operations,Specialist,50,15,5331.07,No,5,1,58,16,No
EMP30876,Finance,Executive,24,5,4492.66,Yes,2,2,22,1,No
EMP30877,Marketing,Executive,36,4,7912.91,No,2,2,26,9,No
EMP30878,Finance,Manager,38,15,6758.98,No,4,2,48,19,No
EMP30879,Sales,Analyst,23,7,4630.16,No,2,4,48,8,No
EMP30880,Finance,Specialist,33,11,3663.96,Yes,5,4,22,17,No
EMP30881,Operations,Manager,31,12,5833.39,No,1,3,6,14,No
EMP30882,Operations,Executive,38,7,4677.44,No,5,1,10,16,No
EMP30883,HR,Analyst,27,5,4789.21,No,2,2,51,19,No
EMP30884,IT,Analyst,31,7,3713.85,No,1,1,24,2,Yes
EMP30885,Marketing,Executive,58,6,3899.55,No,4,1,45,6,No
EMP30886,Operations,Analyst,26,6,5660.67,No,2,2,49,6,No
EMP30887,Marketing,Manager,52,3,5016.35,No,2,1,55,1,No
EMP30888,Operations,Specialist,42,14,9161.44,No,3,3,32,2,No
EMP30889,Operations,Developer,24,9,6308.05,No,3,2,40,2,No
EMP30890,HR,Executive,36,12,3689.12,No,1,3,15,19,No
EMP30891,Operations,Manager,41,10,3113.21,Yes,1,3,57,18,No
EMP30892,HR,Developer,31,5,6013.92,No,3,4,54,12,No
EMP30893,Operations,Analyst,31,5,4821.37,No,2,2,26,17,No
EMP30894,Sales,Manager,48,15,7413.88,Yes,3,1,25,7,No
EMP30895,IT,Specialist,22,0,5839.46,No,4,4,46,9,No
EMP30896,IT,Executive,57,4,2442.89,Yes,4,2,28,18,No
EMP30897,HR,Manager,33,11,3887.53,No,1,4,45,3,No
EMP30898,Operations,Developer,35,8,4403.74,No,5,4,10,3,No
EMP30899,Sales,Developer,25,9,6079.72,No,4,4,20,11,No
EMP30900,Operations,Specialist,55,0,3837.54,No,1,3,48,5,No
EMP30901,Operations,Analyst,29,3,5645.89,Yes,4,3,56,14,Yes
EMP30902,Operations,Manager,52,9,3412.44,No,5,2,6,13,Yes
EMP30903,Finance,Specialist,33,5,5425.94,No,3,2,48,6,No
EMP30904,Sales,Specialist,22,7,5971.71,Yes,5,4,8,2,No
EMP30905,Finance,Specialist,36,15,7608.93,Yes,5,3,53,1,No
EMP30906,IT,Developer,41,10,5785.03,No,5,1,19,9,No
EMP30907,IT,Analyst,39,10,4191.56,No,5,2,25,6,No
EMP30908,Marketing,Analyst,59,3,7656.17,Yes,1,4,45,0,No
EMP30909,Finance,Developer,41,9,5141.9,Yes,1,1,52,14,Yes
EMP30910,Marketing,Analyst,51,15,6577.02,No,4,2,28,20,No
EMP30911,HR,Developer,35,10,4497.32,No,4,4,22,20,No
EMP30912,HR,Manager,26,12,5552.83,No,3,2,59,2,No
EMP30913,Marketing,Manager,40,15,4214.76,No,2,3,59,3,No
EMP30914,Finance,Analyst,42,14,5900.06,No,5,4,34,9,No
EMP30915,Marketing,Developer,37,5,6622.41,Yes,3,2,6,19,No
EMP30916,Sales,Manager,50,4,4674.47,No,4,4,59,12,No
EMP30917,Finance,Analyst,58,4,4590.15,No,4,2,39,9,No
EMP30918,Operations,Analyst,24,12,5951.89,No,5,2,35,19,No
EMP30919,Operations,Manager,23,6,4179.14,No,4,1,11,13,No
EMP30920,Operations,Developer,31,13,3139.75,No,4,2,60,20,No
EMP30921,Sales,Specialist,43,12,5946.46,No,5,3,45,18,No
EMP30922,Finance,Analyst,22,10,5255.12,Yes,1,1,17,20,No
EMP30923,Sales,Executive,28,1,5223.38,Yes,4,2,25,11,No
EMP30924,Operations,Specialist,36,11,6198.27,No,3,3,24,7,No
EMP30925,Finance,Executive,35,3,6407.79,No,4,4,53,1,No
EMP30926,IT,Specialist,54,8,5175.16,Yes,2,3,31,15,No
EMP30927,Operations,Executive,42,3,3732.66,No,3,3,53,5,No
EMP30928,Operations,Analyst,55,0,4458.79,No,2,3,43,0,No
EMP30929,Sales,Specialist,50,10,6294.11,No,1,2,25,16,No
EMP30930,Sales,Executive,37,7,5621.27,No,3,2,27,8,No
EMP30931,IT,Executive,59,10,4592.03,Yes,1,3,50,11,No
EMP30932,Sales,Developer,53,7,4240.09,No,1,1,32,16,No
EMP30933,Finance,Executive,40,5,6343.4,No,3,4,43,6,No
EMP30934,Marketing,Executive,54,0,5084.19,No,5,2,11,17,No
EMP30935,Sales,Developer,31,4,6545.74,No,4,4,28,12,No
EMP30936,Finance,Specialist,29,14,6735.67,Yes,1,1,37,11,No
EMP30937,HR,Developer,51,12,4947.41,Yes,1,2,24,5,No
EMP30938,Marketing,Specialist,51,7,6841.14,Yes,3,2,52,16,No
EMP30939,HR,Manager,29,0,5624.28,No,3,2,16,5,No
EMP30940,Operations,Developer,50,15,5818.3,No,1,3,52,13,No
EMP30941,Marketing,Specialist,40,11,2333.33,No,2,3,8,17,No
EMP30942,Sales,Manager,42,0,3960.28,No,1,4,28,2,No
EMP30943,IT,Executive,54,3,4041.63,Yes,3,4,33,8,No
EMP30944,IT,Analyst,27,2,4938.68,No,4,1,19,14,No
EMP30945,IT,Developer,36,14,5588.19,No,2,4,35,5,No
EMP30946,Finance,Specialist,32,15,5649.54,Yes,3,2,55,0,No
EMP30947,Sales,Developer,42,6,5845.29,No,2,2,29,8,No
EMP30948,HR,Manager,27,2,4389.25,No,5,1,35,10,No
EMP30949,Sales,Analyst,25,10,6453.71,No,1,3,58,19,No
EMP30950,Finance,Developer,48,4,8130.6,Yes,3,4,56,16,No
EMP30951,Operations,Specialist,23,1,4886.68,No,2,2,5,3,No
EMP30952,HR,Analyst,37,4,4421.16,No,3,4,45,5,No
EMP30953,HR,Manager,59,4,4388.67,No,3,1,52,3,No
EMP30954,HR,Manager,59,0,5544.87,Yes,4,4,57,19,No
EMP30955,IT,Analyst,27,11,4628.02,Yes,5,2,49,7,No
EMP30956,HR,Manager,57,5,2821.17,No,3,2,9,18,No
EMP30957,Marketing,Executive,34,8,3231.54,No,2,1,47,1,No
EMP30958,Sales,Manager,28,8,6946.95,Yes,3,4,52,11,No
EMP30959,Operations,Executive,40,12,7339.36,No,3,3,34,1,No
EMP30960,Sales,Manager,40,12,7816.5,Yes,5,4,6,11,No
EMP30961,Sales,Specialist,35,9,5756.12,No,3,2,15,0,No
EMP30962,IT,Executive,37,13,3930.31,No,5,1,20,3,No
EMP30963,IT,Analyst,24,9,4759.64,No,4,3,53,3,No
EMP30964,IT,Developer,31,0,3179.59,No,3,1,12,14,No
EMP30965,Marketing,Specialist,28,13,3121.83,No,2,3,46,13,No
EMP30966,Marketing,Specialist,57,12,5799.56,No,2,1,15,11,Yes
EMP30967,Operations,Executive,40,6,6225.18,Yes,1,1,51,4,No
EMP30968,Sales,Analyst,42,6,8354.23,No,3,3,5,5,No
EMP30969,Marketing,Specialist,38,14,5292.03,No,5,3,18,7,No
EMP30970,Marketing,Manager,55,6,3379.91,No,1,1,10,20,No
EMP30971,Sales,Specialist,52,5,5233.79,No,5,1,36,14,No
EMP30972,HR,Executive,47,11,4992.98,Yes,5,4,48,0,Yes
EMP30973,Operations,Executive,33,5,4679.82,Yes,3,1,28,0,No
EMP30974,Sales,Analyst,33,6,5932.29,No,2,1,34,7,No
EMP30975,Sales,Executive,57,12,3594.96,No,3,4,40,4,No
EMP30976,Finance,Specialist,57,3,5612.75,No,5,3,30,8,No
EMP30977,HR,Specialist,32,0,6394.01,Yes,1,1,47,20,No
EMP30978,HR,Analyst,34,5,7546.27,Yes,3,4,20,4,No
EMP30979,Operations,Executive,33,2,5882.23,No,1,2,14,12,No
EMP30980,Finance,Executive,51,5,6981.35,Yes,4,3,15,10,No
EMP30981,Operations,Analyst,58,1,4750.82,No,1,3,14,13,No
EMP30982,Sales,Developer,55,9,4960.23,No,2,2,7,11,Yes
EMP30983,Sales,Specialist,53,8,7438.44,No,4,2,7,10,No
EMP30984,IT,Manager,34,4,3359.29,No,4,3,7,5,No
EMP30985,IT,Specialist,33,10,4811.96,Yes,2,2,13,20,No
EMP30986,IT,Specialist,55,2,7109.34,No,3,1,40,5,No
EMP30987,Operations,Developer,36,0,5100.0,No,1,3,18,3,No
EMP30988,Sales,Executive,29,7,4988.26,No,3,3,37,2,No
EMP30989,Sales,Specialist,53,2,5018.67,No,1,3,9,1,No
EMP30990,IT,Specialist,39,13,5592.39,No,5,3,49,7,No
EMP30991,IT,Manager,24,4,7045.79,Yes,1,3,24,17,No
EMP30992,IT,Manager,55,6,6803.01,No,4,4,29,3,No
EMP30993,IT,Developer,32,4,5433.85,No,3,4,42,0,No
EMP30994,Finance,Manager,33,6,7055.25,No,2,4,60,11,No
EMP30995,Sales,Analyst,41,1,5929.36,Yes,3,1,49,11,No
EMP30996,Sales,Developer,31,14,6705.35,Yes,1,1,27,11,No
EMP30997,Marketing,Developer,53,2,3874.11,Yes,3,2,24,0,Yes
EMP30998,Sales,Executive,47,6,8024.5,No,4,3,23,4,No
EMP30999,Sales,Developer,43,13,5746.99,No,3,1,9,7,Yes
